{
  "0.0": {
    "precision": 0.9340659340659341,
    "recall": 0.9770114942528736,
    "f1-score": 0.9550561797752809,
    "support": 87.0
  },
  "1.0": {
    "precision": 0.9230769230769231,
    "recall": 0.935064935064935,
    "f1-score": 0.9290322580645162,
    "support": 77.0
  },
  "2.0": {
    "precision": 1.0,
    "recall": 0.9871794871794872,
    "f1-score": 0.9935483870967742,
    "support": 78.0
  },
  "3.0": {
    "precision": 0.975,
    "recall": 0.9629629629629629,
    "f1-score": 0.968944099378882,
    "support": 81.0
  },
  "4.0": {
    "precision": 0.9459459459459459,
    "recall": 0.9090909090909091,
    "f1-score": 0.9271523178807947,
    "support": 77.0
  },
  "accuracy": 0.955,
  "macro avg": {
    "precision": 0.9556177606177606,
    "recall": 0.9542619577102336,
    "f1-score": 0.9547466484392496,
    "support": 400.0
  },
  "weighted avg": {
    "precision": 0.9553837429462427,
    "recall": 0.955,
    "f1-score": 0.9549933655786905,
    "support": 400.0
  }
}